Time_packets;src_addresses;dst_addresses;payload;tcp_payload;tcp_payload_102;Nom_du_repertoire;Nom_du_packet
7551.336374998093;194.250.63.170;194.250.63.239;"0000  00 0E 8C EC 72 B6 00 1B 1B 01 95 2F 08 00 45 00  ....r....../..E.
0010  00 77 D4 30 00 00 3C 06 A4 C2 C2 FA 3F AA C2 FA  .w.0..<.....?...
0020  3F EF 00 66 C3 8A 59 17 1C 13 9D 88 31 F8 50 18  ?..f..Y.....1.P.
0030  08 00 31 73 00 00 03 00 00 4F 02 F0 80 32 07 00  ..1s.....O...2..
0040  00 00 00 00 0C 00 32 00 01 12 08 12 02 07 02 00  ......2.........
0050  00 00 00 FF 09 00 2E 00 01 FF 09 00 28 FF 43 F9  ............(.C.
0060  06 72 60 FE FE FE FE FE FE FE FE FE FE FE FE FF  .r`.............
0070  40 BA 45 2F 00 FE FE FE FE FE FE FE FE FE FE FE  @.E/............
0080  FE FE FE FE FE                                   .....";0300004f02f080320700000000000c0032000112081202070200000000ff09002e0001ff090028ff43f9067260fefefefefefefefefefefefeff40ba452f00fefefefefefefefefefefefefefefefe;0300004f02f080320700000000000c0032000112081202070200000000ff09002e0001ff090028ff43f9067260fefefefefefefefefefefefeff40ba452f00fefefefefefefefefefefefefefefefe;all_s7_data_from_s7_pcaps;wincc_s400_production.pcapng
7553.235126018524;194.250.63.170;194.250.63.239;"0000  00 0E 8C EC 72 B6 00 1B 1B 01 95 2F 08 00 45 00  ....r....../..E.
0010  00 95 D4 32 00 00 3C 06 A4 A2 C2 FA 3F AA C2 FA  ...2..<.....?...
0020  3F EF 00 66 C3 8A 59 17 1C 62 9D 88 31 FF 50 18  ?..f..Y..b..1.P.
0030  08 00 86 8D 00 00 03 00 00 6D 02 F0 80 32 07 00  .........m...2..
0040  00 00 00 00 0C 00 50 00 01 12 08 12 02 07 03 00  ......P.........
0050  00 00 00 FF 09 00 4C 00 01 FF 09 00 46 FE FF 00  ......L.....F...
0060  01 01 00 00 91 01 00 00 01 00 00 00 64 00 00 00  ............d...
0070  00 00 00 00 00 00 00 00 00 00 02 00 00 82 14 00  ................
0080  01 00 00 00 64 00 00 00 00 00 00 00 00 00 00 00  ....d...........
0090  00 04 01 00 00 08 00 00 00 08 00 00 00 00 00 00  ................
00a0  00 00 00                                         ...";0300006d02f080320700000000000c0050000112081202070300000000ff09004c0001ff090046feff0001010000910100000100000064000000000000000000000000000200008214000100000064000000000000000000000000040100000800000008000000000000000000;0300006d02f080320700000000000c0050000112081202070300000000ff09004c0001ff090046feff0001010000910100000100000064000000000000000000000000000200008214000100000064000000000000000000000000040100000800000008000000000000000000;all_s7_data_from_s7_pcaps;wincc_s400_production.pcapng
7553.33615398407;194.250.63.170;194.250.63.239;"0000  00 0E 8C EC 72 B6 00 1B 1B 01 95 2F 08 00 45 00  ....r....../..E.
0010  00 77 D4 34 00 00 3C 06 A4 BE C2 FA 3F AA C2 FA  .w.4..<.....?...
0020  3F EF 00 66 C3 8A 59 17 1C CF 9D 88 32 06 50 18  ?..f..Y.....2.P.
0030  08 00 54 A8 00 00 03 00 00 4F 02 F0 80 32 07 00  ..T......O...2..
0040  00 00 00 00 0C 00 32 00 01 12 08 12 02 07 02 00  ......2.........
0050  00 00 00 FF 09 00 2E 00 01 FF 09 00 28 FF 43 F8  ............(.C.
0060  F6 8D 60 FE FE FE FE FE FE FE FE FE FE FE FE FF  ..`.............
0070  40 C6 31 09 00 FE FE FE FE FE FE FE FE FE FE FE  @.1.............
0080  FE FE FE FE FE                                   .....";0300004f02f080320700000000000c0032000112081202070200000000ff09002e0001ff090028ff43f8f68d60fefefefefefefefefefefefeff40c6310900fefefefefefefefefefefefefefefefe;0300004f02f080320700000000000c0032000112081202070200000000ff09002e0001ff090028ff43f8f68d60fefefefefefefefefefefefeff40c6310900fefefefefefefefefefefefefefefefe;all_s7_data_from_s7_pcaps;wincc_s400_production.pcapng
7555.235146999359;194.250.63.170;194.250.63.239;"0000  00 0E 8C EC 72 B6 00 1B 1B 01 95 2F 08 00 45 00  ....r....../..E.
0010  00 95 D4 36 00 00 3C 06 A4 9E C2 FA 3F AA C2 FA  ...6..<.....?...
0020  3F EF 00 66 C3 8A 59 17 1D 1E 9D 88 32 0D 50 18  ?..f..Y.....2.P.
0030  08 00 B5 BB 00 00 03 00 00 6D 02 F0 80 32 07 00  .........m...2..
0040  00 00 00 00 0C 00 50 00 01 12 08 12 02 07 03 00  ......P.........
0050  00 00 00 FF 09 00 4C 00 01 FF 09 00 46 FE FF 00  ......L.....F...
0060  01 01 00 00 91 01 00 00 01 00 00 00 64 00 00 00  ............d...
0070  00 00 00 00 00 00 00 00 00 00 02 00 00 89 E4 00  ................
0080  01 00 00 00 64 00 00 00 00 00 00 00 00 00 00 00  ....d...........
0090  00 04 01 00 00 08 00 00 00 08 00 00 00 00 00 00  ................
00a0  00 00 00                                         ...";0300006d02f080320700000000000c0050000112081202070300000000ff09004c0001ff090046feff00010100009101000001000000640000000000000000000000000002000089e4000100000064000000000000000000000000040100000800000008000000000000000000;0300006d02f080320700000000000c0050000112081202070300000000ff09004c0001ff090046feff00010100009101000001000000640000000000000000000000000002000089e4000100000064000000000000000000000000040100000800000008000000000000000000;all_s7_data_from_s7_pcaps;wincc_s400_production.pcapng
7555.335913896561;194.250.63.170;194.250.63.239;"0000  00 0E 8C EC 72 B6 00 1B 1B 01 95 2F 08 00 45 00  ....r....../..E.
0010  00 77 D4 38 00 00 3C 06 A4 BA C2 FA 3F AA C2 FA  .w.8..<.....?...
0020  3F EF 00 66 C3 8A 59 17 1D 8B 9D 88 32 14 50 18  ?..f..Y.....2.P.
0030  08 00 77 DD 00 00 03 00 00 4F 02 F0 80 32 07 00  ..w......O...2..
0040  00 00 00 00 0C 00 32 00 01 12 08 12 02 07 02 00  ......2.........
0050  00 00 00 FF 09 00 2E 00 01 FF 09 00 28 FF 43 F8  ............(.C.
0060  E6 A8 60 FE FE FE FE FE FE FE FE FE FE FE FE FF  ..`.............
0070  40 D2 1C E3 00 FE FE FE FE FE FE FE FE FE FE FE  @...............
0080  FE FE FE FE FE                                   .....";0300004f02f080320700000000000c0032000112081202070200000000ff09002e0001ff090028ff43f8e6a860fefefefefefefefefefefefeff40d21ce300fefefefefefefefefefefefefefefefe;0300004f02f080320700000000000c0032000112081202070200000000ff09002e0001ff090028ff43f8e6a860fefefefefefefefefefefefeff40d21ce300fefefefefefefefefefefefefefefefe;all_s7_data_from_s7_pcaps;wincc_s400_production.pcapng
7557.235146999359;194.250.63.170;194.250.63.239;"0000  00 0E 8C EC 72 B6 00 1B 1B 01 95 2F 08 00 45 00  ....r....../..E.
0010  00 95 D4 3A 00 00 3C 06 A4 9A C2 FA 3F AA C2 FA  ...:..<.....?...
0020  3F EF 00 66 C3 8A 59 17 1D DA 9D 88 32 1B 50 18  ?..f..Y.....2.P.
0030  08 00 E4 E9 00 00 03 00 00 6D 02 F0 80 32 07 00  .........m...2..
0040  00 00 00 00 0C 00 50 00 01 12 08 12 02 07 03 00  ......P.........
0050  00 00 00 FF 09 00 4C 00 01 FF 09 00 46 FE FF 00  ......L.....F...
0060  01 01 00 00 91 01 00 00 01 00 00 00 64 00 00 00  ............d...
0070  00 00 00 00 00 00 00 00 00 00 02 00 00 91 B4 00  ................
0080  01 00 00 00 64 00 00 00 00 00 00 00 00 00 00 00  ....d...........
0090  00 04 01 00 00 08 00 00 00 08 00 00 00 00 00 00  ................
00a0  00 00 00                                         ...";0300006d02f080320700000000000c0050000112081202070300000000ff09004c0001ff090046feff00010100009101000001000000640000000000000000000000000002000091b4000100000064000000000000000000000000040100000800000008000000000000000000;0300006d02f080320700000000000c0050000112081202070300000000ff09004c0001ff090046feff00010100009101000001000000640000000000000000000000000002000091b4000100000064000000000000000000000000040100000800000008000000000000000000;all_s7_data_from_s7_pcaps;wincc_s400_production.pcapng
7557.336019039154;194.250.63.170;194.250.63.239;"0000  00 0E 8C EC 72 B6 00 1B 1B 01 95 2F 08 00 45 00  ....r....../..E.
0010  00 77 D4 3C 00 00 3C 06 A4 B6 C2 FA 3F AA C2 FA  .w.<..<.....?...
0020  3F EF 00 66 C3 8A 59 17 1E 47 9D 88 32 22 50 18  ?..f..Y..G..2""P.
0030  08 00 9B 12 00 00 03 00 00 4F 02 F0 80 32 07 00  .........O...2..
0040  00 00 00 00 0C 00 32 00 01 12 08 12 02 07 02 00  ......2.........
0050  00 00 00 FF 09 00 2E 00 01 FF 09 00 28 FF 43 F8  ............(.C.
0060  D6 C3 60 FE FE FE FE FE FE FE FE FE FE FE FE FF  ..`.............
0070  40 DE 08 BD 00 FE FE FE FE FE FE FE FE FE FE FE  @...............
0080  FE FE FE FE FE                                   .....";0300004f02f080320700000000000c0032000112081202070200000000ff09002e0001ff090028ff43f8d6c360fefefefefefefefefefefefeff40de08bd00fefefefefefefefefefefefefefefefe;0300004f02f080320700000000000c0032000112081202070200000000ff09002e0001ff090028ff43f8d6c360fefefefefefefefefefefefeff40de08bd00fefefefefefefefefefefefefefefefe;all_s7_data_from_s7_pcaps;wincc_s400_production.pcapng
7559.23538684845;194.250.63.170;194.250.63.239;"0000  00 0E 8C EC 72 B6 00 1B 1B 01 95 2F 08 00 45 00  ....r....../..E.
0010  00 95 D4 3E 00 00 3C 06 A4 96 C2 FA 3F AA C2 FA  ...>..<.....?...
0020  3F EF 00 66 C3 8A 59 17 1E 96 9D 88 32 29 50 18  ?..f..Y.....2)P.
0030  08 00 14 18 00 00 03 00 00 6D 02 F0 80 32 07 00  .........m...2..
0040  00 00 00 00 0C 00 50 00 01 12 08 12 02 07 03 00  ......P.........
0050  00 00 00 FF 09 00 4C 00 01 FF 09 00 46 FE FF 00  ......L.....F...
0060  01 01 00 00 91 01 00 00 01 00 00 00 64 00 00 00  ............d...
0070  00 00 00 00 00 00 00 00 00 00 02 00 00 99 84 00  ................
0080  01 00 00 00 64 00 00 00 00 00 00 00 00 00 00 00  ....d...........
0090  00 04 01 00 00 08 00 00 00 08 00 00 00 00 00 00  ................
00a0  00 00 00                                         ...";0300006d02f080320700000000000c0050000112081202070300000000ff09004c0001ff090046feff0001010000910100000100000064000000000000000000000000000200009984000100000064000000000000000000000000040100000800000008000000000000000000;0300006d02f080320700000000000c0050000112081202070300000000ff09004c0001ff090046feff0001010000910100000100000064000000000000000000000000000200009984000100000064000000000000000000000000040100000800000008000000000000000000;all_s7_data_from_s7_pcaps;wincc_s400_production.pcapng
7559.335775852203;194.250.63.170;194.250.63.239;"0000  00 0E 8C EC 72 B6 00 1B 1B 01 95 2F 08 00 45 00  ....r....../..E.
0010  00 77 D4 40 00 00 3C 06 A4 B2 C2 FA 3F AA C2 FA  .w.@..<.....?...
0020  3F EF 00 66 C3 8A 59 17 1F 03 9D 88 32 30 50 18  ?..f..Y.....20P.
0030  08 00 BE 47 00 00 03 00 00 4F 02 F0 80 32 07 00  ...G.....O...2..
0040  00 00 00 00 0C 00 32 00 01 12 08 12 02 07 02 00  ......2.........
0050  00 00 00 FF 09 00 2E 00 01 FF 09 00 28 FF 43 F8  ............(.C.
0060  C6 DE 60 FE FE FE FE FE FE FE FE FE FE FE FE FF  ..`.............
0070  40 E9 F4 97 00 FE FE FE FE FE FE FE FE FE FE FE  @...............
0080  FE FE FE FE FE                                   .....";0300004f02f080320700000000000c0032000112081202070200000000ff09002e0001ff090028ff43f8c6de60fefefefefefefefefefefefeff40e9f49700fefefefefefefefefefefefefefefefe;0300004f02f080320700000000000c0032000112081202070200000000ff09002e0001ff090028ff43f8c6de60fefefefefefefefefefefefeff40e9f49700fefefefefefefefefefefefefefefefe;all_s7_data_from_s7_pcaps;wincc_s400_production.pcapng
7561.234969854355;194.250.63.170;194.250.63.239;"0000  00 0E 8C EC 72 B6 00 1B 1B 01 95 2F 08 00 45 00  ....r....../..E.
0010  00 95 D4 42 00 00 3C 06 A4 92 C2 FA 3F AA C2 FA  ...B..<.....?...
0020  3F EF 00 66 C3 8A 59 17 1F 52 9D 88 32 37 50 18  ?..f..Y..R..27P.
0030  08 00 43 46 00 00 03 00 00 6D 02 F0 80 32 07 00  ..CF.....m...2..
0040  00 00 00 00 0C 00 50 00 01 12 08 12 02 07 03 00  ......P.........
0050  00 00 00 FF 09 00 4C 00 01 FF 09 00 46 FE FF 00  ......L.....F...
0060  01 01 00 00 91 01 00 00 01 00 00 00 64 00 00 00  ............d...
0070  00 00 00 00 00 00 00 00 00 00 02 00 00 A1 54 00  ..............T.
0080  01 00 00 00 64 00 00 00 00 00 00 00 00 00 00 00  ....d...........
0090  00 04 01 00 00 08 00 00 00 08 00 00 00 00 00 00  ................
00a0  00 00 00                                         ...";0300006d02f080320700000000000c0050000112081202070300000000ff09004c0001ff090046feff000101000091010000010000006400000000000000000000000000020000a154000100000064000000000000000000000000040100000800000008000000000000000000;0300006d02f080320700000000000c0050000112081202070300000000ff09004c0001ff090046feff000101000091010000010000006400000000000000000000000000020000a154000100000064000000000000000000000000040100000800000008000000000000000000;all_s7_data_from_s7_pcaps;wincc_s400_production.pcapng
7561.335881948471;194.250.63.170;194.250.63.239;"0000  00 0E 8C EC 72 B6 00 1B 1B 01 95 2F 08 00 45 00  ....r....../..E.
0010  00 77 D4 44 00 00 3C 06 A4 AE C2 FA 3F AA C2 FA  .w.D..<.....?...
0020  3F EF 00 66 C3 8A 59 17 1F BF 9D 88 32 3E 50 18  ?..f..Y.....2>P.
0030  08 00 E1 7B 00 00 03 00 00 4F 02 F0 80 32 07 00  ...{.....O...2..
0040  00 00 00 00 0C 00 32 00 01 12 08 12 02 07 02 00  ......2.........
0050  00 00 00 FF 09 00 2E 00 01 FF 09 00 28 FF 43 F8  ............(.C.
0060  B6 F9 60 FE FE FE FE FE FE FE FE FE FE FE FE FF  ..`.............
0070  40 F5 E0 72 00 FE FE FE FE FE FE FE FE FE FE FE  @..r............
0080  FE FE FE FE FE                                   .....";0300004f02f080320700000000000c0032000112081202070200000000ff09002e0001ff090028ff43f8b6f960fefefefefefefefefefefefeff40f5e07200fefefefefefefefefefefefefefefefe;0300004f02f080320700000000000c0032000112081202070200000000ff09002e0001ff090028ff43f8b6f960fefefefefefefefefefefefeff40f5e07200fefefefefefefefefefefefefefefefe;all_s7_data_from_s7_pcaps;wincc_s400_production.pcapng
7563.23455286026;194.250.63.170;194.250.63.239;"0000  00 0E 8C EC 72 B6 00 1B 1B 01 95 2F 08 00 45 00  ....r....../..E.
0010  00 95 D4 46 00 00 3C 06 A4 8E C2 FA 3F AA C2 FA  ...F..<.....?...
0020  3F EF 00 66 C3 8A 59 17 20 0E 9D 88 32 45 50 18  ?..f..Y. ...2EP.
0030  08 00 72 74 00 00 03 00 00 6D 02 F0 80 32 07 00  ..rt.....m...2..
0040  00 00 00 00 0C 00 50 00 01 12 08 12 02 07 03 00  ......P.........
0050  00 00 00 FF 09 00 4C 00 01 FF 09 00 46 FE FF 00  ......L.....F...
0060  01 01 00 00 91 01 00 00 01 00 00 00 64 00 00 00  ............d...
0070  00 00 00 00 00 00 00 00 00 00 02 00 00 A9 24 00  ..............$.
0080  01 00 00 00 64 00 00 00 00 00 00 00 00 00 00 00  ....d...........
0090  00 04 01 00 00 08 00 00 00 08 00 00 00 00 00 00  ................
00a0  00 00 00                                         ...";0300006d02f080320700000000000c0050000112081202070300000000ff09004c0001ff090046feff000101000091010000010000006400000000000000000000000000020000a924000100000064000000000000000000000000040100000800000008000000000000000000;0300006d02f080320700000000000c0050000112081202070300000000ff09004c0001ff090046feff000101000091010000010000006400000000000000000000000000020000a924000100000064000000000000000000000000040100000800000008000000000000000000;all_s7_data_from_s7_pcaps;wincc_s400_production.pcapng
7563.335811853409;194.250.63.170;194.250.63.239;"0000  00 0E 8C EC 72 B6 00 1B 1B 01 95 2F 08 00 45 00  ....r....../..E.
0010  00 77 D4 48 00 00 3C 06 A4 AA C2 FA 3F AA C2 FA  .w.H..<.....?...
0020  3F EF 00 66 C3 8A 59 17 20 7B 9D 88 32 4C 50 18  ?..f..Y. {..2LP.
0030  08 00 EA D8 00 00 03 00 00 4F 02 F0 80 32 07 00  .........O...2..
0040  00 00 00 00 0C 00 32 00 01 12 08 12 02 07 02 00  ......2.........
0050  00 00 00 FF 09 00 2E 00 01 FF 09 00 28 FF 43 F8  ............(.C.
0060  A7 13 60 FE FE FE FE FE FE FE FE FE FE FE FE FF  ..`.............
0070  41 00 E6 26 00 FE FE FE FE FE FE FE FE FE FE FE  A..&............
0080  FE FE FE FE FE                                   .....";0300004f02f080320700000000000c0032000112081202070200000000ff09002e0001ff090028ff43f8a71360fefefefefefefefefefefefeff4100e62600fefefefefefefefefefefefefefefefe;0300004f02f080320700000000000c0032000112081202070200000000ff09002e0001ff090028ff43f8a71360fefefefefefefefefefefefeff4100e62600fefefefefefefefefefefefefefefefe;all_s7_data_from_s7_pcaps;wincc_s400_production.pcapng
7565.234601974487;194.250.63.170;194.250.63.239;"0000  00 0E 8C EC 72 B6 00 1B 1B 01 95 2F 08 00 45 00  ....r....../..E.
0010  00 95 D4 4A 00 00 3C 06 A4 8A C2 FA 3F AA C2 FA  ...J..<.....?...
0020  3F EF 00 66 C3 8A 59 17 20 CA 9D 88 32 53 50 18  ?..f..Y. ...2SP.
0030  08 00 A1 A2 00 00 03 00 00 6D 02 F0 80 32 07 00  .........m...2..
0040  00 00 00 00 0C 00 50 00 01 12 08 12 02 07 03 00  ......P.........
0050  00 00 00 FF 09 00 4C 00 01 FF 09 00 46 FE FF 00  ......L.....F...
0060  01 01 00 00 91 01 00 00 01 00 00 00 64 00 00 00  ............d...
0070  00 00 00 00 00 00 00 00 00 00 02 00 00 B0 F4 00  ................
0080  01 00 00 00 64 00 00 00 00 00 00 00 00 00 00 00  ....d...........
0090  00 04 01 00 00 08 00 00 00 08 00 00 00 00 00 00  ................
00a0  00 00 00                                         ...";0300006d02f080320700000000000c0050000112081202070300000000ff09004c0001ff090046feff000101000091010000010000006400000000000000000000000000020000b0f4000100000064000000000000000000000000040100000800000008000000000000000000;0300006d02f080320700000000000c0050000112081202070300000000ff09004c0001ff090046feff000101000091010000010000006400000000000000000000000000020000b0f4000100000064000000000000000000000000040100000800000008000000000000000000;all_s7_data_from_s7_pcaps;wincc_s400_production.pcapng
7565.335747003555;194.250.63.170;194.250.63.239;"0000  00 0E 8C EC 72 B6 00 1B 1B 01 95 2F 08 00 45 00  ....r....../..E.
0010  00 77 D4 4C 00 00 3C 06 A4 A6 C2 FA 3F AA C2 FA  .w.L..<.....?...
0020  3F EF 00 66 C3 8A 59 17 21 37 9D 88 32 5A 50 18  ?..f..Y.!7..2ZP.
0030  08 00 04 01 00 00 03 00 00 4F 02 F0 80 32 07 00  .........O...2..
0040  00 00 00 00 0C 00 32 00 01 12 08 12 02 07 02 00  ......2.........
0050  00 00 00 FF 09 00 2E 00 01 FF 09 00 28 FF 43 F8  ............(.C.
0060  97 2E 60 FE FE FE FE FE FE FE FE FE FE FE FE FF  ..`.............
0070  41 06 DC 13 00 FE FE FE FE FE FE FE FE FE FE FE  A...............
0080  FE FE FE FE FE                                   .....";0300004f02f080320700000000000c0032000112081202070200000000ff09002e0001ff090028ff43f8972e60fefefefefefefefefefefefeff4106dc1300fefefefefefefefefefefefefefefefe;0300004f02f080320700000000000c0032000112081202070200000000ff09002e0001ff090028ff43f8972e60fefefefefefefefefefefefeff4106dc1300fefefefefefefefefefefefefefefefe;all_s7_data_from_s7_pcaps;wincc_s400_production.pcapng
7567.234360933304;194.250.63.170;194.250.63.239;"0000  00 0E 8C EC 72 B6 00 1B 1B 01 95 2F 08 00 45 00  ....r....../..E.
0010  00 95 D4 4E 00 00 3C 06 A4 86 C2 FA 3F AA C2 FA  ...N..<.....?...
0020  3F EF 00 66 C3 8A 59 17 21 86 9D 88 32 61 50 18  ?..f..Y.!...2aP.
0030  08 00 D0 D0 00 00 03 00 00 6D 02 F0 80 32 07 00  .........m...2..
0040  00 00 00 00 0C 00 50 00 01 12 08 12 02 07 03 00  ......P.........
0050  00 00 00 FF 09 00 4C 00 01 FF 09 00 46 FE FF 00  ......L.....F...
0060  01 01 00 00 91 01 00 00 01 00 00 00 64 00 00 00  ............d...
0070  00 00 00 00 00 00 00 00 00 00 02 00 00 B8 C4 00  ................
0080  01 00 00 00 64 00 00 00 00 00 00 00 00 00 00 00  ....d...........
0090  00 04 01 00 00 08 00 00 00 08 00 00 00 00 00 00  ................
00a0  00 00 00                                         ...";0300006d02f080320700000000000c0050000112081202070300000000ff09004c0001ff090046feff000101000091010000010000006400000000000000000000000000020000b8c4000100000064000000000000000000000000040100000800000008000000000000000000;0300006d02f080320700000000000c0050000112081202070300000000ff09004c0001ff090046feff000101000091010000010000006400000000000000000000000000020000b8c4000100000064000000000000000000000000040100000800000008000000000000000000;all_s7_data_from_s7_pcaps;wincc_s400_production.pcapng
7567.335728883743;194.250.63.170;194.250.63.239;"0000  00 0E 8C EC 72 B6 00 1B 1B 01 95 2F 08 00 45 00  ....r....../..E.
0010  00 77 D4 50 00 00 3C 06 A4 A2 C2 FA 3F AA C2 FA  .w.P..<.....?...
0020  3F EF 00 66 C3 8A 59 17 21 F3 9D 88 32 68 50 18  ?..f..Y.!...2hP.
0030  08 00 1D 29 00 00 03 00 00 4F 02 F0 80 32 07 00  ...).....O...2..
0040  00 00 00 00 0C 00 32 00 01 12 08 12 02 07 02 00  ......2.........
0050  00 00 00 FF 09 00 2E 00 01 FF 09 00 28 FF 43 F8  ............(.C.
0060  87 49 60 FE FE FE FE FE FE FE FE FE FE FE FE FF  .I`.............
0070  41 0C D2 00 00 FE FE FE FE FE FE FE FE FE FE FE  A...............
0080  FE FE FE FE FE                                   .....";0300004f02f080320700000000000c0032000112081202070200000000ff09002e0001ff090028ff43f8874960fefefefefefefefefefefefeff410cd20000fefefefefefefefefefefefefefefefe;0300004f02f080320700000000000c0032000112081202070200000000ff09002e0001ff090028ff43f8874960fefefefefefefefefefefefeff410cd20000fefefefefefefefefefefefefefefefe;all_s7_data_from_s7_pcaps;wincc_s400_production.pcapng
7569.234355926514;194.250.63.170;194.250.63.239;"0000  00 0E 8C EC 72 B6 00 1B 1B 01 95 2F 08 00 45 00  ....r....../..E.
0010  00 95 D4 52 00 00 3C 06 A4 82 C2 FA 3F AA C2 FA  ...R..<.....?...
0020  3F EF 00 66 C3 8A 59 17 22 42 9D 88 32 6F 50 18  ?..f..Y.""B..2oP.
0030  08 00 FF FE 00 00 03 00 00 6D 02 F0 80 32 07 00  .........m...2..
0040  00 00 00 00 0C 00 50 00 01 12 08 12 02 07 03 00  ......P.........
0050  00 00 00 FF 09 00 4C 00 01 FF 09 00 46 FE FF 00  ......L.....F...
0060  01 01 00 00 91 01 00 00 01 00 00 00 64 00 00 00  ............d...
0070  00 00 00 00 00 00 00 00 00 00 02 00 00 C0 94 00  ................
0080  01 00 00 00 64 00 00 00 00 00 00 00 00 00 00 00  ....d...........
0090  00 04 01 00 00 08 00 00 00 08 00 00 00 00 00 00  ................
00a0  00 00 00                                         ...";0300006d02f080320700000000000c0050000112081202070300000000ff09004c0001ff090046feff000101000091010000010000006400000000000000000000000000020000c094000100000064000000000000000000000000040100000800000008000000000000000000;0300006d02f080320700000000000c0050000112081202070300000000ff09004c0001ff090046feff000101000091010000010000006400000000000000000000000000020000c094000100000064000000000000000000000000040100000800000008000000000000000000;all_s7_data_from_s7_pcaps;wincc_s400_production.pcapng
7569.335654973984;194.250.63.170;194.250.63.239;"0000  00 0E 8C EC 72 B6 00 1B 1B 01 95 2F 08 00 45 00  ....r....../..E.
0010  00 77 D4 54 00 00 3C 06 A4 9E C2 FA 3F AA C2 FA  .w.T..<.....?...
0020  3F EF 00 66 C3 8A 59 17 22 AF 9D 88 32 76 50 18  ?..f..Y.""...2vP.
0030  08 00 36 51 00 00 03 00 00 4F 02 F0 80 32 07 00  ..6Q.....O...2..
0040  00 00 00 00 0C 00 32 00 01 12 08 12 02 07 02 00  ......2.........
0050  00 00 00 FF 09 00 2E 00 01 FF 09 00 28 FF 43 F8  ............(.C.
0060  77 64 60 FE FE FE FE FE FE FE FE FE FE FE FE FF  wd`.............
0070  41 12 C7 ED 00 FE FE FE FE FE FE FE FE FE FE FE  A...............
0080  FE FE FE FE FE                                   .....";0300004f02f080320700000000000c0032000112081202070200000000ff09002e0001ff090028ff43f8776460fefefefefefefefefefefefeff4112c7ed00fefefefefefefefefefefefefefefefe;0300004f02f080320700000000000c0032000112081202070200000000ff09002e0001ff090028ff43f8776460fefefefefefefefefefefefeff4112c7ed00fefefefefefefefefefefefefefefefe;all_s7_data_from_s7_pcaps;wincc_s400_production.pcapng
7571.23432302475;194.250.63.170;194.250.63.239;"0000  00 0E 8C EC 72 B6 00 1B 1B 01 95 2F 08 00 45 00  ....r....../..E.
0010  00 95 D4 56 00 00 3C 06 A4 7E C2 FA 3F AA C2 FA  ...V..<..~..?...
0020  3F EF 00 66 C3 8A 59 17 22 FE 9D 88 32 7D 50 18  ?..f..Y.""...2}P.
0030  08 00 2F 2D 00 00 03 00 00 6D 02 F0 80 32 07 00  ../-.....m...2..
0040  00 00 00 00 0C 00 50 00 01 12 08 12 02 07 03 00  ......P.........
0050  00 00 00 FF 09 00 4C 00 01 FF 09 00 46 FE FF 00  ......L.....F...
0060  01 01 00 00 91 01 00 00 01 00 00 00 64 00 00 00  ............d...
0070  00 00 00 00 00 00 00 00 00 00 02 00 00 C8 64 00  ..............d.
0080  01 00 00 00 64 00 00 00 00 00 00 00 00 00 00 00  ....d...........
0090  00 04 01 00 00 08 00 00 00 08 00 00 00 00 00 00  ................
00a0  00 00 00                                         ...";0300006d02f080320700000000000c0050000112081202070300000000ff09004c0001ff090046feff000101000091010000010000006400000000000000000000000000020000c864000100000064000000000000000000000000040100000800000008000000000000000000;0300006d02f080320700000000000c0050000112081202070300000000ff09004c0001ff090046feff000101000091010000010000006400000000000000000000000000020000c864000100000064000000000000000000000000040100000800000008000000000000000000;all_s7_data_from_s7_pcaps;wincc_s400_production.pcapng
7571.33550286293;194.250.63.170;194.250.63.239;"0000  00 0E 8C EC 72 B6 00 1B 1B 01 95 2F 08 00 45 00  ....r....../..E.
0010  00 77 D4 58 00 00 3C 06 A4 9A C2 FA 3F AA C2 FA  .w.X..<.....?...
0020  3F EF 00 66 C3 8A 59 17 23 6B 9D 88 32 84 50 18  ?..f..Y.#k..2.P.
0030  08 00 4F 79 00 00 03 00 00 4F 02 F0 80 32 07 00  ..Oy.....O...2..
0040  00 00 00 00 0C 00 32 00 01 12 08 12 02 07 02 00  ......2.........
0050  00 00 00 FF 09 00 2E 00 01 FF 09 00 28 FF 43 F8  ............(.C.
0060  67 7F 60 FE FE FE FE FE FE FE FE FE FE FE FE FF  g.`.............
0070  41 18 BD DA 00 FE FE FE FE FE FE FE FE FE FE FE  A...............
0080  FE FE FE FE FE                                   .....";0300004f02f080320700000000000c0032000112081202070200000000ff09002e0001ff090028ff43f8677f60fefefefefefefefefefefefeff4118bdda00fefefefefefefefefefefefefefefefe;0300004f02f080320700000000000c0032000112081202070200000000ff09002e0001ff090028ff43f8677f60fefefefefefefefefefefefeff4118bdda00fefefefefefefefefefefefefefefefe;all_s7_data_from_s7_pcaps;wincc_s400_production.pcapng
7573.234467983246;194.250.63.170;194.250.63.239;"0000  00 0E 8C EC 72 B6 00 1B 1B 01 95 2F 08 00 45 00  ....r....../..E.
0010  00 95 D4 5A 00 00 3C 06 A4 7A C2 FA 3F AA C2 FA  ...Z..<..z..?...
0020  3F EF 00 66 C3 8A 59 17 23 BA 9D 88 32 8B 50 18  ?..f..Y.#...2.P.
0030  08 00 5E 5B 00 00 03 00 00 6D 02 F0 80 32 07 00  ..^[.....m...2..
0040  00 00 00 00 0C 00 50 00 01 12 08 12 02 07 03 00  ......P.........
0050  00 00 00 FF 09 00 4C 00 01 FF 09 00 46 FE FF 00  ......L.....F...
0060  01 01 00 00 91 01 00 00 01 00 00 00 64 00 00 00  ............d...
0070  00 00 00 00 00 00 00 00 00 00 02 00 00 D0 34 00  ..............4.
0080  01 00 00 00 64 00 00 00 00 00 00 00 00 00 00 00  ....d...........
0090  00 04 01 00 00 08 00 00 00 08 00 00 00 00 00 00  ................
00a0  00 00 00                                         ...";0300006d02f080320700000000000c0050000112081202070300000000ff09004c0001ff090046feff000101000091010000010000006400000000000000000000000000020000d034000100000064000000000000000000000000040100000800000008000000000000000000;0300006d02f080320700000000000c0050000112081202070300000000ff09004c0001ff090046feff000101000091010000010000006400000000000000000000000000020000d034000100000064000000000000000000000000040100000800000008000000000000000000;all_s7_data_from_s7_pcaps;wincc_s400_production.pcapng
7573.335458993912;194.250.63.170;194.250.63.239;"0000  00 0E 8C EC 72 B6 00 1B 1B 01 95 2F 08 00 45 00  ....r....../..E.
0010  00 77 D4 5C 00 00 3C 06 A4 96 C2 FA 3F AA C2 FA  .w.\..<.....?...
0020  3F EF 00 66 C3 8A 59 17 24 27 9D 88 32 92 50 18  ?..f..Y.$'..2.P.
0030  08 00 68 A1 00 00 03 00 00 4F 02 F0 80 32 07 00  ..h......O...2..
0040  00 00 00 00 0C 00 32 00 01 12 08 12 02 07 02 00  ......2.........
0050  00 00 00 FF 09 00 2E 00 01 FF 09 00 28 FF 43 F8  ............(.C.
0060  57 9A 60 FE FE FE FE FE FE FE FE FE FE FE FE FF  W.`.............
0070  41 1E B3 C7 00 FE FE FE FE FE FE FE FE FE FE FE  A...............
0080  FE FE FE FE FE                                   .....";0300004f02f080320700000000000c0032000112081202070200000000ff09002e0001ff090028ff43f8579a60fefefefefefefefefefefefeff411eb3c700fefefefefefefefefefefefefefefefe;0300004f02f080320700000000000c0032000112081202070200000000ff09002e0001ff090028ff43f8579a60fefefefefefefefefefefefeff411eb3c700fefefefefefefefefefefefefefefefe;all_s7_data_from_s7_pcaps;wincc_s400_production.pcapng
7575.234122991562;194.250.63.170;194.250.63.239;"0000  00 0E 8C EC 72 B6 00 1B 1B 01 95 2F 08 00 45 00  ....r....../..E.
0010  00 95 D4 5E 00 00 3C 06 A4 76 C2 FA 3F AA C2 FA  ...^..<..v..?...
0020  3F EF 00 66 C3 8A 59 17 24 76 9D 88 32 99 50 18  ?..f..Y.$v..2.P.
0030  08 00 8D 89 00 00 03 00 00 6D 02 F0 80 32 07 00  .........m...2..
0040  00 00 00 00 0C 00 50 00 01 12 08 12 02 07 03 00  ......P.........
0050  00 00 00 FF 09 00 4C 00 01 FF 09 00 46 FE FF 00  ......L.....F...
0060  01 01 00 00 91 01 00 00 01 00 00 00 64 00 00 00  ............d...
0070  00 00 00 00 00 00 00 00 00 00 02 00 00 D8 04 00  ................
0080  01 00 00 00 64 00 00 00 00 00 00 00 00 00 00 00  ....d...........
0090  00 04 01 00 00 08 00 00 00 08 00 00 00 00 00 00  ................
00a0  00 00 00                                         ...";0300006d02f080320700000000000c0050000112081202070300000000ff09004c0001ff090046feff000101000091010000010000006400000000000000000000000000020000d804000100000064000000000000000000000000040100000800000008000000000000000000;0300006d02f080320700000000000c0050000112081202070300000000ff09004c0001ff090046feff000101000091010000010000006400000000000000000000000000020000d804000100000064000000000000000000000000040100000800000008000000000000000000;all_s7_data_from_s7_pcaps;wincc_s400_production.pcapng
7575.335125923157;194.250.63.170;194.250.63.239;"0000  00 0E 8C EC 72 B6 00 1B 1B 01 95 2F 08 00 45 00  ....r....../..E.
0010  00 77 D4 60 00 00 3C 06 A4 92 C2 FA 3F AA C2 FA  .w.`..<.....?...
0020  3F EF 00 66 C3 8A 59 17 24 E3 9D 88 32 A0 50 18  ?..f..Y.$...2.P.
0030  08 00 81 C9 00 00 03 00 00 4F 02 F0 80 32 07 00  .........O...2..
0040  00 00 00 00 0C 00 32 00 01 12 08 12 02 07 02 00  ......2.........
0050  00 00 00 FF 09 00 2E 00 01 FF 09 00 28 FF 43 F8  ............(.C.
0060  47 B5 60 FE FE FE FE FE FE FE FE FE FE FE FE FF  G.`.............
0070  41 24 A9 B4 00 FE FE FE FE FE FE FE FE FE FE FE  A$..............
0080  FE FE FE FE FE                                   .....";0300004f02f080320700000000000c0032000112081202070200000000ff09002e0001ff090028ff43f847b560fefefefefefefefefefefefeff4124a9b400fefefefefefefefefefefefefefefefe;0300004f02f080320700000000000c0032000112081202070200000000ff09002e0001ff090028ff43f847b560fefefefefefefefefefefefeff4124a9b400fefefefefefefefefefefefefefefefe;all_s7_data_from_s7_pcaps;wincc_s400_production.pcapng
7577.234196901321;194.250.63.170;194.250.63.239;"0000  00 0E 8C EC 72 B6 00 1B 1B 01 95 2F 08 00 45 00  ....r....../..E.
0010  00 95 D4 62 00 00 3C 06 A4 72 C2 FA 3F AA C2 FA  ...b..<..r..?...
0020  3F EF 00 66 C3 8A 59 17 25 32 9D 88 32 A7 50 18  ?..f..Y.%2..2.P.
0030  08 00 BC B7 00 00 03 00 00 6D 02 F0 80 32 07 00  .........m...2..
0040  00 00 00 00 0C 00 50 00 01 12 08 12 02 07 03 00  ......P.........
0050  00 00 00 FF 09 00 4C 00 01 FF 09 00 46 FE FF 00  ......L.....F...
0060  01 01 00 00 91 01 00 00 01 00 00 00 64 00 00 00  ............d...
0070  00 00 00 00 00 00 00 00 00 00 02 00 00 DF D4 00  ................
0080  01 00 00 00 64 00 00 00 00 00 00 00 00 00 00 00  ....d...........
0090  00 04 01 00 00 08 00 00 00 08 00 00 00 00 00 00  ................
00a0  00 00 00                                         ...";0300006d02f080320700000000000c0050000112081202070300000000ff09004c0001ff090046feff000101000091010000010000006400000000000000000000000000020000dfd4000100000064000000000000000000000000040100000800000008000000000000000000;0300006d02f080320700000000000c0050000112081202070300000000ff09004c0001ff090046feff000101000091010000010000006400000000000000000000000000020000dfd4000100000064000000000000000000000000040100000800000008000000000000000000;all_s7_data_from_s7_pcaps;wincc_s400_production.pcapng
7577.335043907165;194.250.63.170;194.250.63.239;"0000  00 0E 8C EC 72 B6 00 1B 1B 01 95 2F 08 00 45 00  ....r....../..E.
0010  00 77 D4 64 00 00 3C 06 A4 8E C2 FA 3F AA C2 FA  .w.d..<.....?...
0020  3F EF 00 66 C3 8A 59 17 25 9F 9D 88 32 AE 50 18  ?..f..Y.%...2.P.
0030  08 00 9A F2 00 00 03 00 00 4F 02 F0 80 32 07 00  .........O...2..
0040  00 00 00 00 0C 00 32 00 01 12 08 12 02 07 02 00  ......2.........
0050  00 00 00 FF 09 00 2E 00 01 FF 09 00 28 FF 43 F8  ............(.C.
0060  37 CF 60 FE FE FE FE FE FE FE FE FE FE FE FE FF  7.`.............
0070  41 2A 9F A1 00 FE FE FE FE FE FE FE FE FE FE FE  A*..............
0080  FE FE FE FE FE                                   .....";0300004f02f080320700000000000c0032000112081202070200000000ff09002e0001ff090028ff43f837cf60fefefefefefefefefefefefeff412a9fa100fefefefefefefefefefefefefefefefe;0300004f02f080320700000000000c0032000112081202070200000000ff09002e0001ff090028ff43f837cf60fefefefefefefefefefefefeff412a9fa100fefefefefefefefefefefefefefefefe;all_s7_data_from_s7_pcaps;wincc_s400_production.pcapng
7579.234032869339;194.250.63.170;194.250.63.239;"0000  00 0E 8C EC 72 B6 00 1B 1B 01 95 2F 08 00 45 00  ....r....../..E.
0010  00 95 D4 66 00 00 3C 06 A4 6E C2 FA 3F AA C2 FA  ...f..<..n..?...
0020  3F EF 00 66 C3 8A 59 17 25 EE 9D 88 32 B5 50 18  ?..f..Y.%...2.P.
0030  08 00 EB E5 00 00 03 00 00 6D 02 F0 80 32 07 00  .........m...2..
0040  00 00 00 00 0C 00 50 00 01 12 08 12 02 07 03 00  ......P.........
0050  00 00 00 FF 09 00 4C 00 01 FF 09 00 46 FE FF 00  ......L.....F...
0060  01 01 00 00 91 01 00 00 01 00 00 00 64 00 00 00  ............d...
0070  00 00 00 00 00 00 00 00 00 00 02 00 00 E7 A4 00  ................
0080  01 00 00 00 64 00 00 00 00 00 00 00 00 00 00 00  ....d...........
0090  00 04 01 00 00 08 00 00 00 08 00 00 00 00 00 00  ................
00a0  00 00 00                                         ...";0300006d02f080320700000000000c0050000112081202070300000000ff09004c0001ff090046feff000101000091010000010000006400000000000000000000000000020000e7a4000100000064000000000000000000000000040100000800000008000000000000000000;0300006d02f080320700000000000c0050000112081202070300000000ff09004c0001ff090046feff000101000091010000010000006400000000000000000000000000020000e7a4000100000064000000000000000000000000040100000800000008000000000000000000;all_s7_data_from_s7_pcaps;wincc_s400_production.pcapng
7579.334988832474;194.250.63.170;194.250.63.239;"0000  00 0E 8C EC 72 B6 00 1B 1B 01 95 2F 08 00 45 00  ....r....../..E.
0010  00 77 D4 68 00 00 3C 06 A4 8A C2 FA 3F AA C2 FA  .w.h..<.....?...
0020  3F EF 00 66 C3 8A 59 17 26 5B 9D 88 32 BC 50 18  ?..f..Y.&[..2.P.
0030  08 00 B4 1A 00 00 03 00 00 4F 02 F0 80 32 07 00  .........O...2..
0040  00 00 00 00 0C 00 32 00 01 12 08 12 02 07 02 00  ......2.........
0050  00 00 00 FF 09 00 2E 00 01 FF 09 00 28 FF 43 F8  ............(.C.
0060  27 EA 60 FE FE FE FE FE FE FE FE FE FE FE FE FF  '.`.............
0070  41 30 95 8E 00 FE FE FE FE FE FE FE FE FE FE FE  A0..............
0080  FE FE FE FE FE                                   .....";0300004f02f080320700000000000c0032000112081202070200000000ff09002e0001ff090028ff43f827ea60fefefefefefefefefefefefeff4130958e00fefefefefefefefefefefefefefefefe;0300004f02f080320700000000000c0032000112081202070200000000ff09002e0001ff090028ff43f827ea60fefefefefefefefefefefefeff4130958e00fefefefefefefefefefefefefefefefe;all_s7_data_from_s7_pcaps;wincc_s400_production.pcapng
7581.233777999878;194.250.63.170;194.250.63.239;"0000  00 0E 8C EC 72 B6 00 1B 1B 01 95 2F 08 00 45 00  ....r....../..E.
0010  00 95 D4 6A 00 00 3C 06 A4 6A C2 FA 3F AA C2 FA  ...j..<..j..?...
0020  3F EF 00 66 C3 8A 59 17 26 AA 9D 88 32 C3 50 18  ?..f..Y.&...2.P.
0030  08 00 1B 14 00 00 03 00 00 6D 02 F0 80 32 07 00  .........m...2..
0040  00 00 00 00 0C 00 50 00 01 12 08 12 02 07 03 00  ......P.........
0050  00 00 00 FF 09 00 4C 00 01 FF 09 00 46 FE FF 00  ......L.....F...
0060  01 01 00 00 91 01 00 00 01 00 00 00 64 00 00 00  ............d...
0070  00 00 00 00 00 00 00 00 00 00 02 00 00 EF 74 00  ..............t.
0080  01 00 00 00 64 00 00 00 00 00 00 00 00 00 00 00  ....d...........
0090  00 04 01 00 00 08 00 00 00 08 00 00 00 00 00 00  ................
00a0  00 00 00                                         ...";0300006d02f080320700000000000c0050000112081202070300000000ff09004c0001ff090046feff000101000091010000010000006400000000000000000000000000020000ef74000100000064000000000000000000000000040100000800000008000000000000000000;0300006d02f080320700000000000c0050000112081202070300000000ff09004c0001ff090046feff000101000091010000010000006400000000000000000000000000020000ef74000100000064000000000000000000000000040100000800000008000000000000000000;all_s7_data_from_s7_pcaps;wincc_s400_production.pcapng
7581.334920883179;194.250.63.170;194.250.63.239;"0000  00 0E 8C EC 72 B6 00 1B 1B 01 95 2F 08 00 45 00  ....r....../..E.
0010  00 77 D4 6C 00 00 3C 06 A4 86 C2 FA 3F AA C2 FA  .w.l..<.....?...
0020  3F EF 00 66 C3 8A 59 17 27 17 9D 88 32 CA 50 18  ?..f..Y.'...2.P.
0030  08 00 CD 42 00 00 03 00 00 4F 02 F0 80 32 07 00  ...B.....O...2..
0040  00 00 00 00 0C 00 32 00 01 12 08 12 02 07 02 00  ......2.........
0050  00 00 00 FF 09 00 2E 00 01 FF 09 00 28 FF 43 F8  ............(.C.
0060  18 05 60 FE FE FE FE FE FE FE FE FE FE FE FE FF  ..`.............
0070  41 36 8B 7B 00 FE FE FE FE FE FE FE FE FE FE FE  A6.{............
0080  FE FE FE FE FE                                   .....";0300004f02f080320700000000000c0032000112081202070200000000ff09002e0001ff090028ff43f8180560fefefefefefefefefefefefeff41368b7b00fefefefefefefefefefefefefefefefe;0300004f02f080320700000000000c0032000112081202070200000000ff09002e0001ff090028ff43f8180560fefefefefefefefefefefefeff41368b7b00fefefefefefefefefefefefefefefefe;all_s7_data_from_s7_pcaps;wincc_s400_production.pcapng
7583.23391699791;194.250.63.170;194.250.63.239;"0000  00 0E 8C EC 72 B6 00 1B 1B 01 95 2F 08 00 45 00  ....r....../..E.
0010  00 95 D4 6E 00 00 3C 06 A4 66 C2 FA 3F AA C2 FA  ...n..<..f..?...
0020  3F EF 00 66 C3 8A 59 17 27 66 9D 88 32 D1 50 18  ?..f..Y.'f..2.P.
0030  08 00 4A 42 00 00 03 00 00 6D 02 F0 80 32 07 00  ..JB.....m...2..
0040  00 00 00 00 0C 00 50 00 01 12 08 12 02 07 03 00  ......P.........
0050  00 00 00 FF 09 00 4C 00 01 FF 09 00 46 FE FF 00  ......L.....F...
0060  01 01 00 00 91 01 00 00 01 00 00 00 64 00 00 00  ............d...
0070  00 00 00 00 00 00 00 00 00 00 02 00 00 F7 44 00  ..............D.
0080  01 00 00 00 64 00 00 00 00 00 00 00 00 00 00 00  ....d...........
0090  00 04 01 00 00 08 00 00 00 08 00 00 00 00 00 00  ................
00a0  00 00 00                                         ...";0300006d02f080320700000000000c0050000112081202070300000000ff09004c0001ff090046feff000101000091010000010000006400000000000000000000000000020000f744000100000064000000000000000000000000040100000800000008000000000000000000;0300006d02f080320700000000000c0050000112081202070300000000ff09004c0001ff090046feff000101000091010000010000006400000000000000000000000000020000f744000100000064000000000000000000000000040100000800000008000000000000000000;all_s7_data_from_s7_pcaps;wincc_s400_production.pcapng
7583.334836959839;194.250.63.170;194.250.63.239;"0000  00 0E 8C EC 72 B6 00 1B 1B 01 95 2F 08 00 45 00  ....r....../..E.
0010  00 77 D4 70 00 00 3C 06 A4 82 C2 FA 3F AA C2 FA  .w.p..<.....?...
0020  3F EF 00 66 C3 8A 59 17 27 D3 9D 88 32 D8 50 18  ?..f..Y.'...2.P.
0030  08 00 E6 6A 00 00 03 00 00 4F 02 F0 80 32 07 00  ...j.....O...2..
0040  00 00 00 00 0C 00 32 00 01 12 08 12 02 07 02 00  ......2.........
0050  00 00 00 FF 09 00 2E 00 01 FF 09 00 28 FF 43 F8  ............(.C.
0060  08 20 60 FE FE FE FE FE FE FE FE FE FE FE FE FF  . `.............
0070  41 3C 81 68 00 FE FE FE FE FE FE FE FE FE FE FE  A<.h............
0080  FE FE FE FE FE                                   .....";0300004f02f080320700000000000c0032000112081202070200000000ff09002e0001ff090028ff43f8082060fefefefefefefefefefefefeff413c816800fefefefefefefefefefefefefefefefe;0300004f02f080320700000000000c0032000112081202070200000000ff09002e0001ff090028ff43f8082060fefefefefefefefefefefefeff413c816800fefefefefefefefefefefefefefefefe;all_s7_data_from_s7_pcaps;wincc_s400_production.pcapng
7585.233772993088;194.250.63.170;194.250.63.239;"0000  00 0E 8C EC 72 B6 00 1B 1B 01 95 2F 08 00 45 00  ....r....../..E.
0010  00 95 D4 72 00 00 3C 06 A4 62 C2 FA 3F AA C2 FA  ...r..<..b..?...
0020  3F EF 00 66 C3 8A 59 17 28 22 9D 88 32 DF 50 18  ?..f..Y.(""..2.P.
0030  08 00 79 70 00 00 03 00 00 6D 02 F0 80 32 07 00  ..yp.....m...2..
0040  00 00 00 00 0C 00 50 00 01 12 08 12 02 07 03 00  ......P.........
0050  00 00 00 FF 09 00 4C 00 01 FF 09 00 46 FE FF 00  ......L.....F...
0060  01 01 00 00 91 01 00 00 01 00 00 00 64 00 00 00  ............d...
0070  00 00 00 00 00 00 00 00 00 00 02 00 00 FF 14 00  ................
0080  01 00 00 00 64 00 00 00 00 00 00 00 00 00 00 00  ....d...........
0090  00 04 01 00 00 08 00 00 00 08 00 00 00 00 00 00  ................
00a0  00 00 00                                         ...";0300006d02f080320700000000000c0050000112081202070300000000ff09004c0001ff090046feff000101000091010000010000006400000000000000000000000000020000ff14000100000064000000000000000000000000040100000800000008000000000000000000;0300006d02f080320700000000000c0050000112081202070300000000ff09004c0001ff090046feff000101000091010000010000006400000000000000000000000000020000ff14000100000064000000000000000000000000040100000800000008000000000000000000;all_s7_data_from_s7_pcaps;wincc_s400_production.pcapng
7585.334915876389;194.250.63.170;194.250.63.239;"0000  00 0E 8C EC 72 B6 00 1B 1B 01 95 2F 08 00 45 00  ....r....../..E.
0010  00 77 D4 74 00 00 3C 06 A4 7E C2 FA 3F AA C2 FA  .w.t..<..~..?...
0020  3F EF 00 66 C3 8A 59 17 28 8F 9D 88 32 E6 50 18  ?..f..Y.(...2.P.
0030  08 00 FF 92 00 00 03 00 00 4F 02 F0 80 32 07 00  .........O...2..
0040  00 00 00 00 0C 00 32 00 01 12 08 12 02 07 02 00  ......2.........
0050  00 00 00 FF 09 00 2E 00 01 FF 09 00 28 FF 43 F7  ............(.C.
0060  F8 3B 60 FE FE FE FE FE FE FE FE FE FE FE FE FF  .;`.............
0070  41 42 77 55 00 FE FE FE FE FE FE FE FE FE FE FE  ABwU............
0080  FE FE FE FE FE                                   .....";0300004f02f080320700000000000c0032000112081202070200000000ff09002e0001ff090028ff43f7f83b60fefefefefefefefefefefefeff4142775500fefefefefefefefefefefefefefefefe;0300004f02f080320700000000000c0032000112081202070200000000ff09002e0001ff090028ff43f7f83b60fefefefefefefefefefefefeff4142775500fefefefefefefefefefefefefefefefe;all_s7_data_from_s7_pcaps;wincc_s400_production.pcapng
7587.23388004303;194.250.63.170;194.250.63.239;"0000  00 0E 8C EC 72 B6 00 1B 1B 01 95 2F 08 00 45 00  ....r....../..E.
0010  00 95 D4 76 00 00 3C 06 A4 5E C2 FA 3F AA C2 FA  ...v..<..^..?...
0020  3F EF 00 66 C3 8A 59 17 28 DE 9D 88 32 ED 50 18  ?..f..Y.(...2.P.
0030  08 00 A8 9E 00 00 03 00 00 6D 02 F0 80 32 07 00  .........m...2..
0040  00 00 00 00 0C 00 50 00 01 12 08 12 02 07 03 00  ......P.........
0050  00 00 00 FF 09 00 4C 00 01 FF 09 00 46 FE FF 00  ......L.....F...
0060  01 01 00 00 91 01 00 00 01 00 00 00 64 00 00 00  ............d...
0070  00 00 00 00 00 00 00 00 00 00 02 00 01 06 E4 00  ................
0080  01 00 00 00 64 00 00 00 00 00 00 00 00 00 00 00  ....d...........
0090  00 04 01 00 00 08 00 00 00 08 00 00 00 00 00 00  ................
00a0  00 00 00                                         ...";0300006d02f080320700000000000c0050000112081202070300000000ff09004c0001ff090046feff00010100009101000001000000640000000000000000000000000002000106e4000100000064000000000000000000000000040100000800000008000000000000000000;0300006d02f080320700000000000c0050000112081202070300000000ff09004c0001ff090046feff00010100009101000001000000640000000000000000000000000002000106e4000100000064000000000000000000000000040100000800000008000000000000000000;all_s7_data_from_s7_pcaps;wincc_s400_production.pcapng
7587.334727048874;194.250.63.170;194.250.63.239;"0000  00 0E 8C EC 72 B6 00 1B 1B 01 95 2F 08 00 45 00  ....r....../..E.
0010  00 77 D4 78 00 00 3C 06 A4 7A C2 FA 3F AA C2 FA  .w.x..<..z..?...
0020  3F EF 00 66 C3 8A 59 17 29 4B 9D 88 32 F4 50 18  ?..f..Y.)K..2.P.
0030  08 00 18 BB 00 00 03 00 00 4F 02 F0 80 32 07 00  .........O...2..
0040  00 00 00 00 0C 00 32 00 01 12 08 12 02 07 02 00  ......2.........
0050  00 00 00 FF 09 00 2E 00 01 FF 09 00 28 FF 43 F7  ............(.C.
0060  E8 56 60 FE FE FE FE FE FE FE FE FE FE FE FE FF  .V`.............
0070  41 48 6D 42 00 FE FE FE FE FE FE FE FE FE FE FE  AHmB............
0080  FE FE FE FE FE                                   .....";0300004f02f080320700000000000c0032000112081202070200000000ff09002e0001ff090028ff43f7e85660fefefefefefefefefefefefeff41486d4200fefefefefefefefefefefefefefefefe;0300004f02f080320700000000000c0032000112081202070200000000ff09002e0001ff090028ff43f7e85660fefefefefefefefefefefefeff41486d4200fefefefefefefefefefefefefefefefe;all_s7_data_from_s7_pcaps;wincc_s400_production.pcapng
7589.233549833298;194.250.63.170;194.250.63.239;"0000  00 0E 8C EC 72 B6 00 1B 1B 01 95 2F 08 00 45 00  ....r....../..E.
0010  00 95 D4 7A 00 00 3C 06 A4 5A C2 FA 3F AA C2 FA  ...z..<..Z..?...
0020  3F EF 00 66 C3 8A 59 17 29 9A 9D 88 32 FB 50 18  ?..f..Y.)...2.P.
0030  08 00 D7 CC 00 00 03 00 00 6D 02 F0 80 32 07 00  .........m...2..
0040  00 00 00 00 0C 00 50 00 01 12 08 12 02 07 03 00  ......P.........
0050  00 00 00 FF 09 00 4C 00 01 FF 09 00 46 FE FF 00  ......L.....F...
0060  01 01 00 00 91 01 00 00 01 00 00 00 64 00 00 00  ............d...
0070  00 00 00 00 00 00 00 00 00 00 02 00 01 0E B4 00  ................
0080  01 00 00 00 64 00 00 00 00 00 00 00 00 00 00 00  ....d...........
0090  00 04 01 00 00 08 00 00 00 08 00 00 00 00 00 00  ................
00a0  00 00 00                                         ...";0300006d02f080320700000000000c0050000112081202070300000000ff09004c0001ff090046feff0001010000910100000100000064000000000000000000000000000200010eb4000100000064000000000000000000000000040100000800000008000000000000000000;0300006d02f080320700000000000c0050000112081202070300000000ff09004c0001ff090046feff0001010000910100000100000064000000000000000000000000000200010eb4000100000064000000000000000000000000040100000800000008000000000000000000;all_s7_data_from_s7_pcaps;wincc_s400_production.pcapng
7589.334822893143;194.250.63.170;194.250.63.239;"0000  00 0E 8C EC 72 B6 00 1B 1B 01 95 2F 08 00 45 00  ....r....../..E.
0010  00 77 D4 7C 00 00 3C 06 A4 76 C2 FA 3F AA C2 FA  .w.|..<..v..?...
0020  3F EF 00 66 C3 8A 59 17 2A 07 9D 88 33 02 50 18  ?..f..Y.*...3.P.
0030  08 00 31 E3 00 00 03 00 00 4F 02 F0 80 32 07 00  ..1......O...2..
0040  00 00 00 00 0C 00 32 00 01 12 08 12 02 07 02 00  ......2.........
0050  00 00 00 FF 09 00 2E 00 01 FF 09 00 28 FF 43 F7  ............(.C.
0060  D8 71 60 FE FE FE FE FE FE FE FE FE FE FE FE FF  .q`.............
0070  41 4E 63 2F 00 FE FE FE FE FE FE FE FE FE FE FE  ANc/............
0080  FE FE FE FE FE                                   .....";0300004f02f080320700000000000c0032000112081202070200000000ff09002e0001ff090028ff43f7d87160fefefefefefefefefefefefeff414e632f00fefefefefefefefefefefefefefefefe;0300004f02f080320700000000000c0032000112081202070200000000ff09002e0001ff090028ff43f7d87160fefefefefefefefefefefefeff414e632f00fefefefefefefefefefefefefefefefe;all_s7_data_from_s7_pcaps;wincc_s400_production.pcapng
7591.233716964722;194.250.63.170;194.250.63.239;"0000  00 0E 8C EC 72 B6 00 1B 1B 01 95 2F 08 00 45 00  ....r....../..E.
0010  00 95 D4 7E 00 00 3C 06 A4 56 C2 FA 3F AA C2 FA  ...~..<..V..?...
0020  3F EF 00 66 C3 8A 59 17 2A 56 9D 88 33 09 50 18  ?..f..Y.*V..3.P.
0030  08 00 06 FB 00 00 03 00 00 6D 02 F0 80 32 07 00  .........m...2..
0040  00 00 00 00 0C 00 50 00 01 12 08 12 02 07 03 00  ......P.........
0050  00 00 00 FF 09 00 4C 00 01 FF 09 00 46 FE FF 00  ......L.....F...
0060  01 01 00 00 91 01 00 00 01 00 00 00 64 00 00 00  ............d...
0070  00 00 00 00 00 00 00 00 00 00 02 00 01 16 84 00  ................
0080  01 00 00 00 64 00 00 00 00 00 00 00 00 00 00 00  ....d...........
0090  00 04 01 00 00 08 00 00 00 08 00 00 00 00 00 00  ................
00a0  00 00 00                                         ...";0300006d02f080320700000000000c0050000112081202070300000000ff09004c0001ff090046feff0001010000910100000100000064000000000000000000000000000200011684000100000064000000000000000000000000040100000800000008000000000000000000;0300006d02f080320700000000000c0050000112081202070300000000ff09004c0001ff090046feff0001010000910100000100000064000000000000000000000000000200011684000100000064000000000000000000000000040100000800000008000000000000000000;all_s7_data_from_s7_pcaps;wincc_s400_production.pcapng
7591.33462190628;194.250.63.170;194.250.63.239;"0000  00 0E 8C EC 72 B6 00 1B 1B 01 95 2F 08 00 45 00  ....r....../..E.
0010  00 77 D4 80 00 00 3C 06 A4 72 C2 FA 3F AA C2 FA  .w....<..r..?...
0020  3F EF 00 66 C3 8A 59 17 2A C3 9D 88 33 10 50 18  ?..f..Y.*...3.P.
0030  08 00 4B 0B 00 00 03 00 00 4F 02 F0 80 32 07 00  ..K......O...2..
0040  00 00 00 00 0C 00 32 00 01 12 08 12 02 07 02 00  ......2.........
0050  00 00 00 FF 09 00 2E 00 01 FF 09 00 28 FF 43 F7  ............(.C.
0060  C8 8C 60 FE FE FE FE FE FE FE FE FE FE FE FE FF  ..`.............
0070  41 54 59 1C 00 FE FE FE FE FE FE FE FE FE FE FE  ATY.............
0080  FE FE FE FE FE                                   .....";0300004f02f080320700000000000c0032000112081202070200000000ff09002e0001ff090028ff43f7c88c60fefefefefefefefefefefefeff4154591c00fefefefefefefefefefefefefefefefe;0300004f02f080320700000000000c0032000112081202070200000000ff09002e0001ff090028ff43f7c88c60fefefefefefefefefefefefeff4154591c00fefefefefefefefefefefefefefefefe;all_s7_data_from_s7_pcaps;wincc_s400_production.pcapng
7593.233413934708;194.250.63.170;194.250.63.239;"0000  00 0E 8C EC 72 B6 00 1B 1B 01 95 2F 08 00 45 00  ....r....../..E.
0010  00 95 D4 82 00 00 3C 06 A4 52 C2 FA 3F AA C2 FA  ......<..R..?...
0020  3F EF 00 66 C3 8A 59 17 2B 12 9D 88 33 17 50 18  ?..f..Y.+...3.P.
0030  08 00 36 29 00 00 03 00 00 6D 02 F0 80 32 07 00  ..6).....m...2..
0040  00 00 00 00 0C 00 50 00 01 12 08 12 02 07 03 00  ......P.........
0050  00 00 00 FF 09 00 4C 00 01 FF 09 00 46 FE FF 00  ......L.....F...
0060  01 01 00 00 91 01 00 00 01 00 00 00 64 00 00 00  ............d...
0070  00 00 00 00 00 00 00 00 00 00 02 00 01 1E 54 00  ..............T.
0080  01 00 00 00 64 00 00 00 00 00 00 00 00 00 00 00  ....d...........
0090  00 04 01 00 00 08 00 00 00 08 00 00 00 00 00 00  ................
00a0  00 00 00                                         ...";0300006d02f080320700000000000c0050000112081202070300000000ff09004c0001ff090046feff0001010000910100000100000064000000000000000000000000000200011e54000100000064000000000000000000000000040100000800000008000000000000000000;0300006d02f080320700000000000c0050000112081202070300000000ff09004c0001ff090046feff0001010000910100000100000064000000000000000000000000000200011e54000100000064000000000000000000000000040100000800000008000000000000000000;all_s7_data_from_s7_pcaps;wincc_s400_production.pcapng
7593.334650993347;194.250.63.170;194.250.63.239;"0000  00 0E 8C EC 72 B6 00 1B 1B 01 95 2F 08 00 45 00  ....r....../..E.
0010  00 77 D4 84 00 00 3C 06 A4 6E C2 FA 3F AA C2 FA  .w....<..n..?...
0020  3F EF 00 66 C3 8A 59 17 2B 7F 9D 88 33 1E 50 18  ?..f..Y.+...3.P.
0030  08 00 64 34 00 00 03 00 00 4F 02 F0 80 32 07 00  ..d4.....O...2..
0040  00 00 00 00 0C 00 32 00 01 12 08 12 02 07 02 00  ......2.........
0050  00 00 00 FF 09 00 2E 00 01 FF 09 00 28 FF 43 F7  ............(.C.
0060  B8 A6 60 FE FE FE FE FE FE FE FE FE FE FE FE FF  ..`.............
0070  41 5A 4F 09 00 FE FE FE FE FE FE FE FE FE FE FE  AZO.............
0080  FE FE FE FE FE                                   .....";0300004f02f080320700000000000c0032000112081202070200000000ff09002e0001ff090028ff43f7b8a660fefefefefefefefefefefefeff415a4f0900fefefefefefefefefefefefefefefefe;0300004f02f080320700000000000c0032000112081202070200000000ff09002e0001ff090028ff43f7b8a660fefefefefefefefefefefefeff415a4f0900fefefefefefefefefefefefefefefefe;all_s7_data_from_s7_pcaps;wincc_s400_production.pcapng
7595.233422040939;194.250.63.170;194.250.63.239;"0000  00 0E 8C EC 72 B6 00 1B 1B 01 95 2F 08 00 45 00  ....r....../..E.
0010  00 95 D4 86 00 00 3C 06 A4 4E C2 FA 3F AA C2 FA  ......<..N..?...
0020  3F EF 00 66 C3 8A 59 17 2B CE 9D 88 33 25 50 18  ?..f..Y.+...3%P.
0030  08 00 65 57 00 00 03 00 00 6D 02 F0 80 32 07 00  ..eW.....m...2..
0040  00 00 00 00 0C 00 50 00 01 12 08 12 02 07 03 00  ......P.........
0050  00 00 00 FF 09 00 4C 00 01 FF 09 00 46 FE FF 00  ......L.....F...
0060  01 01 00 00 91 01 00 00 01 00 00 00 64 00 00 00  ............d...
0070  00 00 00 00 00 00 00 00 00 00 02 00 01 26 24 00  .............&$.
0080  01 00 00 00 64 00 00 00 00 00 00 00 00 00 00 00  ....d...........
0090  00 04 01 00 00 08 00 00 00 08 00 00 00 00 00 00  ................
00a0  00 00 00                                         ...";0300006d02f080320700000000000c0050000112081202070300000000ff09004c0001ff090046feff0001010000910100000100000064000000000000000000000000000200012624000100000064000000000000000000000000040100000800000008000000000000000000;0300006d02f080320700000000000c0050000112081202070300000000ff09004c0001ff090046feff0001010000910100000100000064000000000000000000000000000200012624000100000064000000000000000000000000040100000800000008000000000000000000;all_s7_data_from_s7_pcaps;wincc_s400_production.pcapng
7595.334517002106;194.250.63.170;194.250.63.239;"0000  00 0E 8C EC 72 B6 00 1B 1B 01 95 2F 08 00 45 00  ....r....../..E.
0010  00 77 D4 88 00 00 3C 06 A4 6A C2 FA 3F AA C2 FA  .w....<..j..?...
0020  3F EF 00 66 C3 8A 59 17 2C 3B 9D 88 33 2C 50 18  ?..f..Y.,;..3,P.
0030  08 00 7D 5C 00 00 03 00 00 4F 02 F0 80 32 07 00  ..}\.....O...2..
0040  00 00 00 00 0C 00 32 00 01 12 08 12 02 07 02 00  ......2.........
0050  00 00 00 FF 09 00 2E 00 01 FF 09 00 28 FF 43 F7  ............(.C.
0060  A8 C1 60 FE FE FE FE FE FE FE FE FE FE FE FE FF  ..`.............
0070  41 60 44 F6 00 FE FE FE FE FE FE FE FE FE FE FE  A`D.............
0080  FE FE FE FE FE                                   .....";0300004f02f080320700000000000c0032000112081202070200000000ff09002e0001ff090028ff43f7a8c160fefefefefefefefefefefefeff416044f600fefefefefefefefefefefefefefefefe;0300004f02f080320700000000000c0032000112081202070200000000ff09002e0001ff090028ff43f7a8c160fefefefefefefefefefefefeff416044f600fefefefefefefefefefefefefefefefe;all_s7_data_from_s7_pcaps;wincc_s400_production.pcapng
7597.233338832855;194.250.63.170;194.250.63.239;"0000  00 0E 8C EC 72 B6 00 1B 1B 01 95 2F 08 00 45 00  ....r....../..E.
0010  00 95 D4 8A 00 00 3C 06 A4 4A C2 FA 3F AA C2 FA  ......<..J..?...
0020  3F EF 00 66 C3 8A 59 17 2C 8A 9D 88 33 33 50 18  ?..f..Y.,...33P.
0030  08 00 94 85 00 00 03 00 00 6D 02 F0 80 32 07 00  .........m...2..
0040  00 00 00 00 0C 00 50 00 01 12 08 12 02 07 03 00  ......P.........
0050  00 00 00 FF 09 00 4C 00 01 FF 09 00 46 FE FF 00  ......L.....F...
0060  01 01 00 00 91 01 00 00 01 00 00 00 64 00 00 00  ............d...
0070  00 00 00 00 00 00 00 00 00 00 02 00 01 2D F4 00  .............-..
0080  01 00 00 00 64 00 00 00 00 00 00 00 00 00 00 00  ....d...........
0090  00 04 01 00 00 08 00 00 00 08 00 00 00 00 00 00  ................
00a0  00 00 00                                         ...";0300006d02f080320700000000000c0050000112081202070300000000ff09004c0001ff090046feff0001010000910100000100000064000000000000000000000000000200012df4000100000064000000000000000000000000040100000800000008000000000000000000;0300006d02f080320700000000000c0050000112081202070300000000ff09004c0001ff090046feff0001010000910100000100000064000000000000000000000000000200012df4000100000064000000000000000000000000040100000800000008000000000000000000;all_s7_data_from_s7_pcaps;wincc_s400_production.pcapng
7597.334226846695;194.250.63.170;194.250.63.239;"0000  00 0E 8C EC 72 B6 00 1B 1B 01 95 2F 08 00 45 00  ....r....../..E.
0010  00 77 D4 8C 00 00 3C 06 A4 66 C2 FA 3F AA C2 FA  .w....<..f..?...
0020  3F EF 00 66 C3 8A 59 17 2C F7 9D 88 33 3A 50 18  ?..f..Y.,...3:P.
0030  08 00 96 84 00 00 03 00 00 4F 02 F0 80 32 07 00  .........O...2..
0040  00 00 00 00 0C 00 32 00 01 12 08 12 02 07 02 00  ......2.........
0050  00 00 00 FF 09 00 2E 00 01 FF 09 00 28 FF 43 F7  ............(.C.
0060  98 DC 60 FE FE FE FE FE FE FE FE FE FE FE FE FF  ..`.............
0070  41 66 3A E3 00 FE FE FE FE FE FE FE FE FE FE FE  Af:.............
0080  FE FE FE FE FE                                   .....";0300004f02f080320700000000000c0032000112081202070200000000ff09002e0001ff090028ff43f798dc60fefefefefefefefefefefefeff41663ae300fefefefefefefefefefefefefefefefe;0300004f02f080320700000000000c0032000112081202070200000000ff09002e0001ff090028ff43f798dc60fefefefefefefefefefefefeff41663ae300fefefefefefefefefefefefefefefefe;all_s7_data_from_s7_pcaps;wincc_s400_production.pcapng
7599.23328089714;194.250.63.170;194.250.63.239;"0000  00 0E 8C EC 72 B6 00 1B 1B 01 95 2F 08 00 45 00  ....r....../..E.
0010  00 95 D4 8E 00 00 3C 06 A4 46 C2 FA 3F AA C2 FA  ......<..F..?...
0020  3F EF 00 66 C3 8A 59 17 2D 46 9D 88 33 41 50 18  ?..f..Y.-F..3AP.
0030  08 00 C3 B3 00 00 03 00 00 6D 02 F0 80 32 07 00  .........m...2..
0040  00 00 00 00 0C 00 50 00 01 12 08 12 02 07 03 00  ......P.........
0050  00 00 00 FF 09 00 4C 00 01 FF 09 00 46 FE FF 00  ......L.....F...
0060  01 01 00 00 91 01 00 00 01 00 00 00 64 00 00 00  ............d...
0070  00 00 00 00 00 00 00 00 00 00 02 00 01 35 C4 00  .............5..
0080  01 00 00 00 64 00 00 00 00 00 00 00 00 00 00 00  ....d...........
0090  00 04 01 00 00 08 00 00 00 08 00 00 00 00 00 00  ................
00a0  00 00 00                                         ...";0300006d02f080320700000000000c0050000112081202070300000000ff09004c0001ff090046feff00010100009101000001000000640000000000000000000000000002000135c4000100000064000000000000000000000000040100000800000008000000000000000000;0300006d02f080320700000000000c0050000112081202070300000000ff09004c0001ff090046feff00010100009101000001000000640000000000000000000000000002000135c4000100000064000000000000000000000000040100000800000008000000000000000000;all_s7_data_from_s7_pcaps;wincc_s400_production.pcapng
7599.334396839142;194.250.63.170;194.250.63.239;"0000  00 0E 8C EC 72 B6 00 1B 1B 01 95 2F 08 00 45 00  ....r....../..E.
0010  00 77 D4 90 00 00 3C 06 A4 62 C2 FA 3F AA C2 FA  .w....<..b..?...
0020  3F EF 00 66 C3 8A 59 17 2D B3 9D 88 33 48 50 18  ?..f..Y.-...3HP.
0030  08 00 AF AC 00 00 03 00 00 4F 02 F0 80 32 07 00  .........O...2..
0040  00 00 00 00 0C 00 32 00 01 12 08 12 02 07 02 00  ......2.........
0050  00 00 00 FF 09 00 2E 00 01 FF 09 00 28 FF 43 F7  ............(.C.
0060  88 F7 60 FE FE FE FE FE FE FE FE FE FE FE FE FF  ..`.............
0070  41 6C 30 D0 00 FE FE FE FE FE FE FE FE FE FE FE  Al0.............
0080  FE FE FE FE FE                                   .....";0300004f02f080320700000000000c0032000112081202070200000000ff09002e0001ff090028ff43f788f760fefefefefefefefefefefefeff416c30d000fefefefefefefefefefefefefefefefe;0300004f02f080320700000000000c0032000112081202070200000000ff09002e0001ff090028ff43f788f760fefefefefefefefefefefefeff416c30d000fefefefefefefefefefefefefefefefe;all_s7_data_from_s7_pcaps;wincc_s400_production.pcapng
7601.233253002167;194.250.63.170;194.250.63.239;"0000  00 0E 8C EC 72 B6 00 1B 1B 01 95 2F 08 00 45 00  ....r....../..E.
0010  00 95 D4 92 00 00 3C 06 A4 42 C2 FA 3F AA C2 FA  ......<..B..?...
0020  3F EF 00 66 C3 8A 59 17 2E 02 9D 88 33 4F 50 18  ?..f..Y.....3OP.
0030  08 00 F2 E1 00 00 03 00 00 6D 02 F0 80 32 07 00  .........m...2..
0040  00 00 00 00 0C 00 50 00 01 12 08 12 02 07 03 00  ......P.........
0050  00 00 00 FF 09 00 4C 00 01 FF 09 00 46 FE FF 00  ......L.....F...
0060  01 01 00 00 91 01 00 00 01 00 00 00 64 00 00 00  ............d...
0070  00 00 00 00 00 00 00 00 00 00 02 00 01 3D 94 00  .............=..
0080  01 00 00 00 64 00 00 00 00 00 00 00 00 00 00 00  ....d...........
0090  00 04 01 00 00 08 00 00 00 08 00 00 00 00 00 00  ................
00a0  00 00 00                                         ...";0300006d02f080320700000000000c0050000112081202070300000000ff09004c0001ff090046feff0001010000910100000100000064000000000000000000000000000200013d94000100000064000000000000000000000000040100000800000008000000000000000000;0300006d02f080320700000000000c0050000112081202070300000000ff09004c0001ff090046feff0001010000910100000100000064000000000000000000000000000200013d94000100000064000000000000000000000000040100000800000008000000000000000000;all_s7_data_from_s7_pcaps;wincc_s400_production.pcapng
;;;;;;;
;;;;;;;
;;;;;;;
;;;;;;;
;;;;;;;
;;;;;;;
;;;;;;;
;;;;;;;
;;;;;;;
;;;;;;;
;;;;;;;
;;;;;;;
;;;;;;;
;;;;;;;
;;;;;;;
;;;;;;;
;;;;;;;
;;;;;;;
;;;;;;;
;;;;;;;
;;;;;;;
;;;;;;;
;;;;;;;
;;;;;;;
;;;;;;;
;;;;;;;
;;;;;;;
;;;;;;;
;;;;;;;
;;;;;;;
;;;;;;;
;;;;;;;
;;;;;;;
;;;;;;;
;;;;;;;
;;;;;;;
;;;;;;;
;;;;;;;
;;;;;;;
;;;;;;;
;;;;;;;
;;;;;;;
;;;;;;;
;;;;;;;
;;;;;;;
;;;;;;;
;;;;;;;
;;;;;;;
;;;;;;;
;;;;;;;
